recommendation_date,stock_code,audit_date,status,legacy_result,issues,entry_low,entry_high,stop_price,source_report,required_evidence,resolution
2026-07-21,2503,2026-10-09,legacy_unverified,勝ち,raw_ohlcv_not_archived;execution_protocol_not_frozen,2860,2900,2790,reports/screening/2026-07-21.md,当初条件・全評価期間OHLCV・分割配当・注文時系列・コスト,旧主張は保存。検証済み集計から除外。再評価は元条件で行い訂正履歴を追記
2026-07-21,9433,2026-10-09,legacy_unverified,勝ち,raw_ohlcv_not_archived;execution_protocol_not_frozen,2840,2880,2770,reports/screening/2026-07-21.md,当初条件・全評価期間OHLCV・分割配当・注文時系列・コスト,旧主張は保存。検証済み集計から除外。再評価は元条件で行い訂正履歴を追記
2026-07-21,2269,2026-10-09,legacy_unverified,勝ち,raw_ohlcv_not_archived;execution_protocol_not_frozen,3740,3790,3650,reports/screening/2026-07-21.md,当初条件・全評価期間OHLCV・分割配当・注文時系列・コスト,旧主張は保存。検証済み集計から除外。再評価は元条件で行い訂正履歴を追記
2026-08-10,6758,2026-10-09,legacy_unverified,未約定,raw_ohlcv_not_archived;execution_protocol_not_frozen;review_price_transcription_mismatch,3580,3650,3500,reports/screening/2026-08-10.md,当初条件・全評価期間OHLCV・分割配当・注文時系列・コスト,旧主張は保存。検証済み集計から除外。再評価は元条件で行い訂正履歴を追記
2026-08-10,7751,2026-10-09,legacy_unverified,未約定,raw_ohlcv_not_archived;execution_protocol_not_frozen;review_price_transcription_mismatch,4430,4500,4340,reports/screening/2026-08-10.md,当初条件・全評価期間OHLCV・分割配当・注文時系列・コスト,旧主張は保存。検証済み集計から除外。再評価は元条件で行い訂正履歴を追記
2026-08-10,9432,2026-10-09,legacy_unverified,未約定,raw_ohlcv_not_archived;execution_protocol_not_frozen;review_price_transcription_mismatch,152.0,153.5,149.0,reports/screening/2026-08-10.md,当初条件・全評価期間OHLCV・分割配当・注文時系列・コスト,旧主張は保存。検証済み集計から除外。再評価は元条件で行い訂正履歴を追記
2026-08-17,6503,2026-10-09,legacy_unverified,未約定,raw_ohlcv_not_archived;execution_protocol_not_frozen;review_price_transcription_mismatch,5840,5920,5690,reports/screening/2026-08-17.md,当初条件・全評価期間OHLCV・分割配当・注文時系列・コスト,旧主張は保存。検証済み集計から除外。再評価は元条件で行い訂正履歴を追記
2026-08-17,4661,2026-10-09,legacy_unverified,未約定,raw_ohlcv_not_archived;execution_protocol_not_frozen;review_price_transcription_mismatch,2860,2910,2790,reports/screening/2026-08-17.md,当初条件・全評価期間OHLCV・分割配当・注文時系列・コスト,旧主張は保存。検証済み集計から除外。再評価は元条件で行い訂正履歴を追記
2026-08-17,8306,2026-10-09,legacy_unverified,未約定,raw_ohlcv_not_archived;execution_protocol_not_frozen;review_price_transcription_mismatch,3540,3600,3460,reports/screening/2026-08-17.md,当初条件・全評価期間OHLCV・分割配当・注文時系列・コスト,旧主張は保存。検証済み集計から除外。再評価は元条件で行い訂正履歴を追記
2026-08-24,7267,2026-10-09,legacy_unverified,未約定,raw_ohlcv_not_archived;execution_protocol_not_frozen,1660,1690,1620,reports/screening/2026-08-24.md,当初条件・全評価期間OHLCV・分割配当・注文時系列・コスト,旧主張は保存。検証済み集計から除外。再評価は元条件で行い訂正履歴を追記
2026-08-24,1605,2026-10-09,legacy_unverified,未約定,raw_ohlcv_not_archived;execution_protocol_not_frozen,3750,3820,3680,reports/screening/2026-08-24.md,当初条件・全評価期間OHLCV・分割配当・注文時系列・コスト,旧主張は保存。検証済み集計から除外。再評価は元条件で行い訂正履歴を追記
2026-08-24,2914,2026-10-09,legacy_unverified,未約定,raw_ohlcv_not_archived;execution_protocol_not_frozen,6840,6910,6720,reports/screening/2026-08-24.md,当初条件・全評価期間OHLCV・分割配当・注文時系列・コスト,旧主張は保存。検証済み集計から除外。再評価は元条件で行い訂正履歴を追記
2026-08-24,4502,2026-10-09,legacy_unverified,勝ち,raw_ohlcv_not_archived;execution_protocol_not_frozen;same_day_confirmation_at_open,5550,5630,5470,reports/screening/2026-08-24.md,当初条件・全評価期間OHLCV・分割配当・注文時系列・コスト,旧主張は保存。検証済み集計から除外。再評価は元条件で行い訂正履歴を追記
2026-08-31,6702,2026-10-09,legacy_unverified,勝ち,raw_ohlcv_not_archived;execution_protocol_not_frozen;same_day_confirmation_at_open,3680,3740,3580,reports/screening/2026-08-31.md,当初条件・全評価期間OHLCV・分割配当・注文時系列・コスト,旧主張は保存。検証済み集計から除外。再評価は元条件で行い訂正履歴を追記
2026-08-31,6301,2026-10-09,legacy_unverified,未約定,raw_ohlcv_not_archived;execution_protocol_not_frozen,7200,7280,7080,reports/screening/2026-08-31.md,当初条件・全評価期間OHLCV・分割配当・注文時系列・コスト,旧主張は保存。検証済み集計から除外。再評価は元条件で行い訂正履歴を追記
2026-08-31,8411,2026-10-09,legacy_unverified,未約定,raw_ohlcv_not_archived;execution_protocol_not_frozen,8100,8230,7900,reports/screening/2026-08-31.md,当初条件・全評価期間OHLCV・分割配当・注文時系列・コスト,旧主張は保存。検証済み集計から除外。再評価は元条件で行い訂正履歴を追記
2026-09-07,9433,2026-10-09,legacy_unverified,未約定,raw_ohlcv_not_archived;execution_protocol_not_frozen,2900,2940,2840,reports/screening/2026-09-07.md,当初条件・全評価期間OHLCV・分割配当・注文時系列・コスト,旧主張は保存。検証済み集計から除外。再評価は元条件で行い訂正履歴を追記
2026-09-07,8053,2026-10-09,legacy_unverified,未約定,raw_ohlcv_not_archived;execution_protocol_not_frozen,1740,1780,1680,reports/screening/2026-09-07.md,当初条件・全評価期間OHLCV・分割配当・注文時系列・コスト,旧主張は保存。検証済み集計から除外。再評価は元条件で行い訂正履歴を追記
2026-09-07,8766,2026-10-09,legacy_unverified,未約定,raw_ohlcv_not_archived;execution_protocol_not_frozen,7600,7700,7420,reports/screening/2026-09-07.md,当初条件・全評価期間OHLCV・分割配当・注文時系列・コスト,旧主張は保存。検証済み集計から除外。再評価は元条件で行い訂正履歴を追記
2026-09-14,8058,2026-10-09,legacy_unverified,負け,raw_ohlcv_not_archived;execution_protocol_not_frozen;same_day_confirmation_at_open;dividend_not_accounted;mae_includes_post_stop_low,4800,4920,4680,reports/screening/2026-09-14.md,当初条件・全評価期間OHLCV・分割配当・注文時系列・コスト,旧主張は保存。検証済み集計から除外。再評価は元条件で行い訂正履歴を追記
2026-09-21,6501,2026-10-09,legacy_unverified,未約定,raw_ohlcv_not_archived;execution_protocol_not_frozen,5150,5250,5030,reports/screening/2026-09-21.md,当初条件・全評価期間OHLCV・分割配当・注文時系列・コスト,旧主張は保存。検証済み集計から除外。再評価は元条件で行い訂正履歴を追記
2026-09-21,4503,2026-10-09,legacy_unverified,未約定,raw_ohlcv_not_archived;execution_protocol_not_frozen,2240,2280,2170,reports/screening/2026-09-21.md,当初条件・全評価期間OHLCV・分割配当・注文時系列・コスト,旧主張は保存。検証済み集計から除外。再評価は元条件で行い訂正履歴を追記
2026-09-21,9101,2026-10-09,legacy_unverified,未約定,raw_ohlcv_not_archived;execution_protocol_not_frozen,7100,7220,6980,reports/screening/2026-09-21.md,当初条件・全評価期間OHLCV・分割配当・注文時系列・コスト,旧主張は保存。検証済み集計から除外。再評価は元条件で行い訂正履歴を追記
2026-09-28,6301,2026-10-09,legacy_unverified,未評価,raw_ohlcv_not_archived;execution_protocol_not_frozen;evaluation_not_recorded,7250,7350,6930,reports/screening/2026-09-28.md,当初条件・全評価期間OHLCV・分割配当・注文時系列・コスト,旧主張は保存。検証済み集計から除外。再評価は元条件で行い訂正履歴を追記
2026-09-28,7751,2026-10-09,legacy_unverified,未評価,raw_ohlcv_not_archived;execution_protocol_not_frozen;evaluation_not_recorded,4430,4500,4340,reports/screening/2026-09-28.md,当初条件・全評価期間OHLCV・分割配当・注文時系列・コスト,旧主張は保存。検証済み集計から除外。再評価は元条件で行い訂正履歴を追記
2026-09-28,2914,2026-10-09,legacy_unverified,未評価,raw_ohlcv_not_archived;execution_protocol_not_frozen;evaluation_not_recorded,6750,6820,6660,reports/screening/2026-09-28.md,当初条件・全評価期間OHLCV・分割配当・注文時系列・コスト,旧主張は保存。検証済み集計から除外。再評価は元条件で行い訂正履歴を追記
2026-10-05,6098,2026-10-09,legacy_unverified,未評価,raw_ohlcv_not_archived;execution_protocol_not_frozen;evaluation_not_recorded,16000,16300,15550,reports/screening/2026-10-05.md,当初条件・全評価期間OHLCV・分割配当・注文時系列・コスト,旧主張は保存。検証済み集計から除外。再評価は元条件で行い訂正履歴を追記
