recommendation_date,stock_code,stock_name,evaluation_date,entry_triggered,assumed_entry_price,return_5d,return_10d,return_20d,mfe_pct,mae_pct,target1_reached,target2_reached,stop_reached,first_event,result,failure_reason,report_file,audit_status
2026-07-21,2503,キリンホールディングス,2026-08-24,true,2897,3.49,-1.42,3.50,9.11,-1.10,true,false,false,Target1（2026-07-29）,勝ち,なし（予定退出までにTarget1到達）,reports/reviews/2026-08-24.md,legacy_unverified
2026-07-21,9433,KDDI,2026-08-24,true,2861,4.61,0.44,-0.72,9.09,-0.72,true,false,false,Target1（2026-07-29）,勝ち,なし（予定退出までにTarget1到達）,reports/reviews/2026-08-24.md,legacy_unverified
2026-07-21,2269,明治ホールディングス,2026-08-24,true,3765,1.83,-3.03,13.41,7.22,0.00,true,false,false,Target1（2026-07-29）,勝ち,なし（予定退出までにTarget1到達）,reports/reviews/2026-08-24.md,legacy_unverified
2026-08-10,6758,ソニーグループ,2026-09-08,false,,,,,,,false,false,false,未約定・期間終了（20営業日評価）,未約定,8月19日安値3655円が最接近で当初保有期限の8月31日まで反発確認条件なし。期限後は再判定しない,reports/reviews/2026-09-14.md,legacy_unverified
2026-08-10,7751,キヤノン,2026-09-08,false,,,,,,,false,false,false,未約定・期間終了（20営業日評価）,未約定,8月18日と19日に指定帯へ到達したが両日陰線で翌20日始値も帯外。当初期限後の下落を戦略損失へ算入しない,reports/reviews/2026-09-14.md,legacy_unverified
2026-08-10,9432,日本電信電話,2026-09-08,false,,,,,,,false,false,false,未約定・期間終了（20営業日評価）,未約定,当初期限までの安値157円で指定帯へ到達せず。期限後の上昇を戦略利益へ算入しない,reports/reviews/2026-09-14.md,legacy_unverified
2026-08-17,6503,三菱電機,2026-09-14,false,,,,,,,false,false,false,未約定・無効（20営業日評価）,未約定,8月19日にEntry帯を飛び越えて下落し終値5641円でStop5690円を割ったため条件成立前に無効。20営業日目まで再判定なし,reports/reviews/2026-09-21.md,legacy_unverified
2026-08-17,4661,オリエンタルランド,2026-09-14,false,,,,,,,false,false,false,未約定・期間終了（20営業日評価）,未約定,8月18日に帯内で陽線反発したが翌19日始値2922円が帯上限2910円を上回り未成立。当初期限まで新たな帯内反発後の約定条件なし,reports/reviews/2026-09-21.md,legacy_unverified
2026-08-17,8306,三菱UFJフィナンシャル・グループ,2026-09-14,false,,,,,,,false,false,false,未約定・無効（20営業日評価）,未約定,8月19日始値3600円で帯へ入ったが陰線となり翌20日始値3450円がStop3460円を下回ったため無効。後日の反発では再有効化しない,reports/reviews/2026-09-21.md,legacy_unverified
2026-08-24,7267,本田技研工業,2026-09-24,false,,,,-1.14,,,false,false,false,未約定・無効（20営業日評価）,未約定,8月28日の帯内陽線後に翌31日始値1705円が帯上限超過。9月8日終値1610.5円でStop1620円を割り条件成立前に無効,reports/reviews/2026-09-28.md,legacy_unverified
2026-08-24,1605,INPEX,2026-09-24,false,,,,-3.03,,,false,false,false,未約定・期間終了（20営業日評価）,未約定,9月4日・7日は帯内陰線。9月8日の帯内陽線後は翌9日始値3941円が帯外で期限まで条件成立なし,reports/reviews/2026-09-28.md,legacy_unverified
2026-08-24,2914,日本たばこ産業,2026-09-24,false,,,,-1.55,,,false,false,false,未約定・無効（20営業日評価）,未約定,8月31日の帯内反発後に翌9月1日始値6935円が帯上限超過。9月8日終値6660円でStop6720円を割り無効,reports/reviews/2026-09-28.md,legacy_unverified
2026-08-24,4502,武田薬品工業,2026-09-24,true,5557,,,5.90,3.24,0.00,false,false,false,予定退出（2026-09-14）,勝ち,9月10日に帯内陽線反発し翌11日始値5557円で仮定約定。9月14日予定退出5737円で+3.24%。9月17日のTarget1到達は期限後,reports/reviews/2026-09-28.md,legacy_unverified
2026-08-31,6702,富士通,2026-09-18,true,3716,,8.34,,9.66,-1.40,true,false,false,Target1（2026-09-14）,勝ち,9月9日にEntry帯内で陽線反発し翌10日始値3716円で仮定約定。9月14日にTarget1到達、9月18日予定退出3979円で+7.08%,reports/reviews/2026-09-21.md,legacy_unverified
2026-08-31,6301,コマツ,2026-09-18,false,,,,,,,false,false,false,未約定・無効（保有期限終了）,未約定,9月10日にEntry帯へ入ったが翌11日始値7089円が帯下限を下回り未成立。9月15日終値7060円でStop7080円を割り無効,reports/reviews/2026-09-21.md,legacy_unverified
2026-08-31,8411,みずほフィナンシャルグループ,2026-09-18,false,,,,,,,false,false,false,未約定・期間終了（保有期限終了）,未約定,9月18日の当初期限までの安値8343円で指定帯8100〜8230円へ到達せず,reports/reviews/2026-09-21.md,legacy_unverified
2026-09-07,9433,KDDI,2026-09-24,false,,,1.68,,,,false,false,false,未約定・期間終了（10営業日評価）,未約定,9月8日の帯内反発後に翌9日始値2957円が帯上限2940円を上回り、その後も9月25日の期限まで条件成立なし,reports/reviews/2026-09-28.md,legacy_unverified
2026-09-07,8053,住友商事,2026-09-24,false,,,-2.83,,,,false,false,false,未約定・期間終了（10営業日評価）,未約定,9月11日の帯内反発後に翌14日始値1830円が帯上限超過。15日・24日は帯内陰線で期限まで未成立,reports/reviews/2026-09-28.md,legacy_unverified
2026-09-07,8766,東京海上ホールディングス,2026-09-24,false,,,-0.55,,,,false,false,false,未約定・期間終了（10営業日評価）,未約定,9月11日の帯内反発後に翌14日始値8030円が帯上限7700円を上回り、その後も期限までEntry帯へ戻らず,reports/reviews/2026-09-28.md,legacy_unverified
2026-09-14,8058,三菱商事,2026-10-01,true,4870,-3.88,-3.90,,0.35,-5.13,false,false,true,Stop（2026-09-29）,負け,5営業日時点の固定終値比は-3.88%。9月25日の帯内陽線後に28日始値4870円で仮定約定。権利落ち日の29日に安値4620円となりStop4680円へ到達。Stop退出で-3.90%,reports/reviews/2026-10-05.md,legacy_unverified
2026-09-21,6501,日立製作所,2026-09-30,false,,-0.63,,,,,false,false,false,未約定（5営業日評価）,未約定,9月24日から30日までの安値は5393円でEntry帯5150〜5250円へ到達せず,reports/reviews/2026-10-05.md,legacy_unverified
2026-09-21,4503,アステラス製薬,2026-09-30,false,,-2.64,,,,,false,false,false,未約定（5営業日評価）,未約定,9月30日にEntry帯へ入って陽線反発したが5営業日時点では翌営業日の帯内始値と前日高値更新を確認できず,reports/reviews/2026-10-05.md,legacy_unverified
2026-09-21,9101,日本郵船,2026-09-30,false,,-3.71,,,,,false,false,false,未約定（5営業日評価）,未約定,9月29日は帯内陰線。30日は帯内陽線となったが5営業日時点では翌営業日の前日高値更新を確認できず,reports/reviews/2026-10-05.md,legacy_unverified
