date,nikkei225,topix,growth_market,usd_jpy,us_10y_yield,dow,nasdaq,sector_strength,market_regime,volatility_notes,source_notes,report_file
2026-07-21,65364.65,3984.42,704.40,162.50,4.59,51839.26,25508.07,"食料品が7月17日に相対優位。7月21日場中の定量的資金流入額は不明","急落後の自律反発・高ボラティリティ","7月17日の急落後に7月21日10:16時点で大幅反発。米金利上昇、原油高、中東情勢は継続","国内指数は7月21日10:16前後の場中値、為替は10:09、米指数・金利は7月20日終値。JPX・Yahoo!ファイナンス・AP・みんかぶを参照",reports/screening/2026-07-21.md
2026-07-27,64611.15,4011.31,686.12,163.77,4.68,51947.25,24975.82,"7月24日は医薬品+1.76%、鉱業+1.51%、保険+1.33%、海運+1.31%、陸運+1.15%、食料品+0.75%。定量的資金流入額は不明","高ボラティリティの調整継続・重要イベント集中","日経平均-2.73%、TOPIX-1.05%、グロース250-1.92%。FOMCは7月28〜29日、日銀会合は7月30〜31日。追加関税と中東・原油リスクも継続","国内指数は7月24日終値、USD/JPYは7月24日17時、米指数・米10年・Brentは7月24日米国終値。日経・JPX・日銀・FRB・AP・Yahoo!ファイナンス・財経新聞を参照",reports/screening/2026-07-27.md
2026-08-03,64362.02,4003.30,,157.20,4.7389,52485.03,25373.85,"7月31日は電子部品・電機関連が値上がり上位。定量的資金流入額と東証33業種確定値は不明","急落後の急反発・為替急変・高ボラティリティ","日経平均+4.03%、TOPIX+1.29%だが7月27日終値未回復。USD/JPYは163円台から157.20へ急落、WTI+4.62%、米10年4.7389%","国内指数・個別株は7月31日終値、USD/JPYは8月3日7:40、米指数・米10年・WTIは7月31日米国終値。日経・Yahoo!ファイナンス・FRB・日銀・JPXを参照",reports/screening/2026-08-03.md
2026-08-10,65606.71,4074.93,724.09,157.86,4.66,54036.93,26690.62,"8月7日のTOPIX-17はエネルギー資源+2.71%、医薬品+2.57%、鉄鋼・非鉄+2.41%、商社・卸売+2.18%。電機・精密は-0.25%","Risk On（国内はTOPIX優位、米国株高。ただし海外投資家売り越し）","VIX14.90、SOX+2.56%、米10年4.66%。東証プライム海外投資家は7月27〜31日に4903億円売り越し。円は8月10日8:17に157.86円","国内指数・個別株・TOPIX-17は8月7日終値、USD/JPYは8月10日8:17、米指数・SOX・VIX・米10年は8月7日米国終値。JPX・Yahoo! Finance・FRB・日銀・APを参照",reports/screening/2026-08-10.md
2026-08-17,68713.80,4197.20,758.00,159.14,4.696,53732.41,26729.16,"8月14日のTOPIX-17は情報通信・サービスその他+1.70%、エネルギー資源+1.56%、自動車・輸送機+1.30%、運輸・物流+1.29%、電機・精密+1.26%。銀行は-0.30%","Risk On（国内3指数上昇、VIX低位。ただし海外投資家は2週連続売り越し）","VIX14.25、SOX12417.05、米10年4.696%。東証プライム海外投資家は8月3〜7日に3763億円売り越し。円は8月17日8:01に159.14円","国内指数・個別株・TOPIX-17は8月14日終値、USD/JPY・WTIは8月17日8:01、米指数・SOX・VIX・米10年は8月14日米国終値。JPX・Yahoo Finance・各社IRを参照",reports/screening/2026-08-17.md
2026-08-24,66016.36,4067.29,768.47,159.01,4.733,53277.01,26180.46,"週間は海運+11.44%、鉱業+4.55%、電気・ガス+4.34%、石油・石炭+3.58%、輸送用機器+2.37%、医薬品+2.01%。9業種上昇・24業種下落","Neutral（大型株の週間調整と業種ローテーション、海外投資家は現物買い越し）","日経平均は前週比-3.93%、TOPIX-3.10%、グロース250+1.38%。VIX15.13、SOX11740.37、WTI87.06ドル。米10年4.733%で高PER・半導体に注意","国内指数・米指数・金利・原油は8月21日終値、為替は8月24日6:00の提示レンジ中間値。海外投資家は8月10〜14日に東証プライム現物+2109億円。JPX・Yahoo!ファイナンス・共同通信・株探を参照",reports/screening/2026-08-24.md
2026-08-31,66405.56,4146.71,823.16,160.06,4.720,53559.99,26402.42,"週間はサービス+7.01%、証券・商品+6.20%、銀行+4.47%、保険+3.35%、非鉄+2.65%、電気機器+2.48%、機械+1.43%。22業種上昇・11業種下落","Risk On（国内の物色拡大とグロース優位。ただし海外投資家売り越し、米金利上昇、SOX下落を警戒）","日経平均は前週比+0.59%、TOPIX+1.95%、グロース250+7.12%。VIX14.43、SOX11469.66、WTI83.42ドル。海外投資家は二市場合計-4378億円","国内指数・個別株は8月28日終値、為替は8月31日6:00の提示レンジ中間値。米指数・SOX・VIX・米10年・WTIは8月28日米国終値。JPX・Yahoo!ファイナンス・共同通信・FRED・株探を参照",reports/screening/2026-08-31.md
2026-09-07,65020.94,4103.23,796.82,156.15,4.784,53414.25,26506.99,"週間は電気・ガス+5.01%、石油・石炭+2.78%、銀行+2.44%、保険+2.31%、情報通信+2.30%、卸売+1.94%。8業種上昇・25業種下落","Neutral（国内3指数は週間下落だが、金曜反発、SOX上昇、VIX低位。円高と市場幅の弱さを警戒）","日経平均は前週比-2.09%、TOPIX-1.05%、グロース250-3.20%。VIX14.53、SOX11735.26、WTI91.48ドル。海外投資家は8月24〜28日に二市場合計-1319億円","国内指数・個別株は9月4日終値、為替は9月7日8:04、WTIは7:54、米指数・SOX・VIX・米10年は9月4日米国終値。トレーダーズ・ウェブ、Yahoo!ファイナンス、JPX、株探、各社IRを参照",reports/screening/2026-09-07.md
2026-09-14,64011.34,4028.30,767.93,154.00,4.970,52573.29,26333.04,"週間は石油・石炭+7.79%、情報・通信+4.44%、鉱業+3.53%、電気・ガス+2.05%、海運+1.37%、卸売+1.02%。6業種上昇・27業種下落","Risk Off（国内3指数と米主要指数が週間下落。米10年4.970%、WTI100ドル台、日米金融政策会合を警戒）","日経平均は前週比-1.55%、TOPIX-1.83%、グロース250-3.63%。VIX15.87、SOX11824.0、WTI100.59ドル。海外投資家は8月31日〜9月4日に二市場合計+6893億円","国内指数・個別株は9月11日終値、為替は9月14日寄り付き前の概算、米指数・SOX・VIX・米10年・WTIは9月11日米国終値。トレーダーズ・ウェブ、日経、みんかぶ、AP、FRED、FRB、日銀、Yahoo!ファイナンス、各社IRを参照",reports/screening/2026-09-14.md
