recommendation_date,rank,stock_code,stock_name,sector,reference_price,entry_type,entry_low,entry_high,stop_price,target1,target2,holding_period,score,selection_reason,key_risks,rules_version,report_file
2026-07-21,1,2503,キリンホールディングス,食料品,2939.5,押し目反発確認,2860,2900,2790,3070,3250,5〜9営業日（8月3日引けまで）,83,"食料品の相対強度、25日・75日・200日線の順行、Q1増収増益、累進配当、自社株買い枠を評価","原材料・物流費、円安、国内酒類需要、医薬事業、減損、8月7日決算",v0.1.0,reports/screening/2026-07-21.md
2026-07-21,2,9433,KDDI,情報・通信,2911.5,押し目反発確認,2840,2880,2770,3050,3180,5〜9営業日（8月3日引けまで）,80,"上昇トレンド、出来高増、増収増益・増配予想、信用売り超過、自己株式取得枠を評価","内部統制の重要な不備、情報セキュリティ、料金競争、設備投資、8月7日決算",v0.1.0,reports/screening/2026-07-21.md
2026-07-21,3,2269,明治ホールディングス,食料品,3828,押し目反発確認,3740,3790,3650,4000,4180,4〜8営業日（7月30日引けまで）,77,"食料品の相対強度、25日・75日線近辺の押し目、営業増益・増配予想、財務健全性を評価","原材料費、円安、医薬品、減損再発、過年度訂正、8月5日決算",v0.1.0,reports/screening/2026-07-21.md
2026-08-10,1,6758,ソニーグループ,電気機器,3721,押し目反発確認,3580,3650,3500,3960,4120,5〜15営業日（8月31日引けまで）,79,"Q1増収増益と通期上方修正、25日・75日線上の上昇トレンド、決算後の押し目からの反発を評価","熊本地震の業績影響未算定、円高、メモリ高、信用買い長、決算後の大きな値幅",v0.1.1,reports/screening/2026-08-10.md
2026-08-10,2,7751,キヤノン,電気機器,4635,押し目反発確認,4430,4500,4340,4750,4950,5〜15営業日（8月31日引けまで）,76,"上期増収増益と通期増益予想、20日・25日線近辺の押し目余地、十分な流動性を評価","信用買い長、医療・産業部門の減益、在庫増、為替、7月高値での戻り売り",v0.1.1,reports/screening/2026-08-10.md
2026-08-10,3,9432,NTT,情報・通信,158.5,押し目反発確認,152.0,153.5,149.0,161.2,167.0,5〜15営業日（8月31日引けまで）,75,"Q1増収増益、増配予想、全移動平均線上への回復、出来高増を伴う決算後反発を評価","信用買い長、通期最終減益予想、金利負担、通信競争、160円台の戻り売り",v0.1.1,reports/screening/2026-08-10.md
2026-08-17,1,6503,三菱電機,電気機器,6153,押し目反発確認,5840,5920,5690,6265,6500,5〜15営業日（9月7日引けまで）,82,"Q1売上・調整後営業利益が過去最高、通期上方修正、全移動平均線上への回復と出来高増を評価","信用倍率24.19倍、高めのバリュエーション、円高、AI・半導体投資鈍化、決算後の値幅",v0.1.1,reports/screening/2026-08-17.md
2026-08-17,2,4661,オリエンタルランド,サービス業,2966.5,押し目反発確認,2860,2910,2790,3165,3300,5〜15営業日（9月7日引けまで）,80,"Q1増収増益、信用倍率1.20倍、20日線上の押し目余地、東京ディズニーシー25周年を評価","通期減益予想、高PER・PBR、天候・災害、消費減速、クルーズ投資負担",v0.1.1,reports/screening/2026-08-17.md
2026-08-17,3,8306,三菱UFJフィナンシャル・グループ,銀行業,3686,押し目反発確認,3540,3600,3460,3810,3950,5〜15営業日（9月7日引けまで）,78,"Q1過去最高益、通期目標進捗30%、CET1比率改善、20・25日線回復を評価","信用買い長、銀行セクター相対弱含み、国内外金利低下、与信費用、規制変更",v0.1.1,reports/screening/2026-08-17.md
2026-08-24,1,7267,本田技研工業,輸送用機器,1753,押し目反発確認,1660,1690,1620,1800,1880,5〜15営業日（9月14日引けまで）,83,"Q1過去最高、通期上方修正、国内工場再開、輸送用機器の相対強度を評価","中東向け販売・調達制約、中国販売、為替反転、原材料費、供給網、25日線乖離",v0.1.1,reports/screening/2026-08-24.md
2026-08-24,2,1605,INPEX,鉱業,3954,押し目反発確認,3750,3820,3680,4100,4250,5〜15営業日（9月14日引けまで）,81,"上期最高益、通期上方修正、増配、自社株買い、原油高、鉱業の相対強度を評価","原油・LNG価格、円高、中東情勢、販売制約、プロジェクト遅延、信用買い長、25日線乖離",v0.1.1,reports/screening/2026-08-24.md
2026-08-24,3,2914,日本たばこ産業,食料品,6980,押し目反発確認,6840,6910,6720,7220,7450,5〜15営業日（9月14日引けまで）,79,"上期大幅増益、通期上方修正、増配、Ploom販売拡大、信用買い残減少を評価","たばこ規制・訴訟、為替、原材料・物流費、カナダ事業、決算後上昇の反動",v0.1.1,reports/screening/2026-08-24.md
2026-08-24,4,4502,武田薬品工業,医薬品,5764,押し目反発確認,5550,5630,5470,5900,6100,5〜15営業日（9月14日引けまで）,76,"医薬品の相対強度、全移動平均上、信用倍率1.13倍、通期予想・配当維持を評価","コア利益停滞、FCF減少、特許切れ、研究開発・承認失敗、為替、訴訟、高PER",v0.1.1,reports/screening/2026-08-24.md
2026-08-31,1,6702,富士通,電気機器,3904,押し目反発確認,3680,3740,3580,3980,4150,5〜14営業日（9月18日引けまで）,82,"Q1営業利益+56.9%、電気機器の相対強度、出来高増、自社株買いを評価","信用買い長、高PER・PBR、米金利とSOX下落、公共大型案件の反動、部品調達、サイバー事故",v0.1.1,reports/screening/2026-08-31.md
2026-08-31,2,6301,コマツ,機械,7538,押し目反発確認,7200,7280,7080,7650,7900,5〜14営業日（9月18日引けまで）,81,"Q1増収増益、通期上方修正、機械の相対強度、信用倍率4.77倍を評価","円高、中東情勢、米国関税、建機需要、原材料・物流費、営業利益率低下、戻り売り",v0.1.1,reports/screening/2026-08-31.md
2026-08-31,3,8411,みずほフィナンシャルグループ,銀行業,8486,押し目反発確認,8100,8230,7900,8810,9150,5〜14営業日（9月18日引けまで）,80,"Q1大幅増益、通期上方修正、合計2000億円の自己株買い、銀行業+4.47%を評価","信用買い急増、金利反転、国債評価損、与信費用、規制、銀行株集中、年初来高値の戻り売り",v0.1.1,reports/screening/2026-08-31.md
2026-09-07,1,9433,KDDI,情報・通信,2981,押し目反発確認,2900,2940,2840,3120,3250,5〜14営業日（9月25日引けまで）,84,"Q1全セグメント増収・調整後営業利益21.1%増、情報通信の相対強度、信用倍率0.98倍、自己株買い継続を評価","国内金利上昇、料金競争、設備投資、情報セキュリティ、内部統制、3020〜3121円の戻り売り",v0.1.1,reports/screening/2026-09-07.md
2026-09-07,2,8053,住友商事,卸売業,1820,押し目反発確認,1740,1780,1680,1940,2050,5〜14営業日（9月25日引けまで）,82,"Q1最終利益11.2%増、通期進捗30.2%、卸売業の相対強度、800億円の自己株買い完了と全数消却予定を評価","自己株買い終了後の需給、資源価格、円高、中国景気、地政学、信用買い長、1870〜1944円の戻り売り",v0.1.1,reports/screening/2026-09-07.md
2026-09-07,3,8766,東京海上ホールディングス,保険業,7976,押し目反発確認,7600,7700,7420,8200,8460,5〜14営業日（9月25日引けまで）,79,"Q1利益増、通期修正純利益9500億円・増配予想、保険業の相対強度、15分割と株主優待導入を評価","信用倍率20.45倍、自然災害、海外保険損失、為替・金利、分割前後の需給変動、8468円の戻り売り",v0.1.1,reports/screening/2026-09-07.md
2026-09-14,1,8058,三菱商事,卸売業,5005,押し目反発確認,4800,4920,4680,5320,5600,5〜14営業日（10月7日引けまで）,82,"Q1親会社利益47%増、通期進捗27.1%、卸売業の相対強度、全移動平均線上を評価","資源価格急反落、円高、中国景気、地政学、信用倍率7.01倍、5123円近辺の戻り売り、日米金融政策会合",v0.1.1,reports/screening/2026-09-14.md
