date,source_url,retrieved_at
2026-01-01,https://www.jpx.co.jp/corporate/about-jpx/calendar/index.html,2026-10-09T15:26:02+09:00
2026-01-02,https://www.jpx.co.jp/corporate/about-jpx/calendar/index.html,2026-10-09T15:26:02+09:00
2026-01-03,https://www.jpx.co.jp/corporate/about-jpx/calendar/index.html,2026-10-09T15:26:02+09:00
2026-01-12,https://www.jpx.co.jp/corporate/about-jpx/calendar/index.html,2026-10-09T15:26:02+09:00
2026-02-11,https://www.jpx.co.jp/corporate/about-jpx/calendar/index.html,2026-10-09T15:26:02+09:00
2026-02-23,https://www.jpx.co.jp/corporate/about-jpx/calendar/index.html,2026-10-09T15:26:02+09:00
2026-03-20,https://www.jpx.co.jp/corporate/about-jpx/calendar/index.html,2026-10-09T15:26:02+09:00
2026-04-29,https://www.jpx.co.jp/corporate/about-jpx/calendar/index.html,2026-10-09T15:26:02+09:00
2026-05-03,https://www.jpx.co.jp/corporate/about-jpx/calendar/index.html,2026-10-09T15:26:02+09:00
2026-05-04,https://www.jpx.co.jp/corporate/about-jpx/calendar/index.html,2026-10-09T15:26:02+09:00
2026-05-05,https://www.jpx.co.jp/corporate/about-jpx/calendar/index.html,2026-10-09T15:26:02+09:00
2026-05-06,https://www.jpx.co.jp/corporate/about-jpx/calendar/index.html,2026-10-09T15:26:02+09:00
2026-07-20,https://www.jpx.co.jp/corporate/about-jpx/calendar/index.html,2026-10-09T15:26:02+09:00
2026-08-11,https://www.jpx.co.jp/corporate/about-jpx/calendar/index.html,2026-10-09T15:26:02+09:00
2026-09-21,https://www.jpx.co.jp/corporate/about-jpx/calendar/index.html,2026-10-09T15:26:02+09:00
2026-09-22,https://www.jpx.co.jp/corporate/about-jpx/calendar/index.html,2026-10-09T15:26:02+09:00
2026-09-23,https://www.jpx.co.jp/corporate/about-jpx/calendar/index.html,2026-10-09T15:26:02+09:00
2026-10-12,https://www.jpx.co.jp/corporate/about-jpx/calendar/index.html,2026-10-09T15:26:02+09:00
2026-11-03,https://www.jpx.co.jp/corporate/about-jpx/calendar/index.html,2026-10-09T15:26:02+09:00
2026-11-23,https://www.jpx.co.jp/corporate/about-jpx/calendar/index.html,2026-10-09T15:26:02+09:00
2026-12-31,https://www.jpx.co.jp/corporate/about-jpx/calendar/index.html,2026-10-09T15:26:02+09:00
