path,sha256,source_commit
history/recommendations.csv,a2c71146e02bd8dbd5e39a586537ab0276134249e47a917913334a3dea24ba46,25b36d2f9fc271f53b3d76ee584f3c7d8c6b5d3d
history/evaluations.csv,3ad8828ef1831ab7fac4fcea31555db86d8215213f1cac8372d1dd25455ada6c,25b36d2f9fc271f53b3d76ee584f3c7d8c6b5d3d
history/market_environment.csv,31798f3cd457bc2a8b1f091641b8339fea841addd7355f8d268ed2a2aeb229c9,25b36d2f9fc271f53b3d76ee584f3c7d8c6b5d3d
history/weekly_performance.csv,2a31ef25968c3c6be9679277284173ef5fa7c2f53e526371ed3195aa44628ac3,25b36d2f9fc271f53b3d76ee584f3c7d8c6b5d3d
reports/experiments/initial_setup.md,c65d9ecfb60ed3d8090a536378c7a0b068ef0e07b64882c6fff237aa7488e5ae,25b36d2f9fc271f53b3d76ee584f3c7d8c6b5d3d
reports/screening/2026-07-27.md,3738b05cd14dd048ed8983bbe68267bec244168a194ceffc86722cefab472e8c,25b36d2f9fc271f53b3d76ee584f3c7d8c6b5d3d
reports/screening/2026-09-14.md,f310b3026d7e4d3bab071d91faa8d13a0fc4d8e525d761bb8af012dc8bb7408f,25b36d2f9fc271f53b3d76ee584f3c7d8c6b5d3d
reports/screening/2026-10-05.md,c5441eb1949c79be4826364d415bf0572622c661fa204e36b54b02c6cea85e2c,25b36d2f9fc271f53b3d76ee584f3c7d8c6b5d3d
reports/screening/2026-09-21.md,3c085631cfa3e6713f52e097ca9feca58c1667604c05d13240686b7bc16d3058,25b36d2f9fc271f53b3d76ee584f3c7d8c6b5d3d
reports/screening/2026-08-24.md,ef13074d45764223573d62ad9e56a6fc762d3b5ee35509f9e2475077c0a7e7ee,25b36d2f9fc271f53b3d76ee584f3c7d8c6b5d3d
reports/screening/2026-08-10.md,989d1d4fc18cb1ffb9d73cae5fcc1f2bd42c49cc84a475b9d214d4bd357c907f,25b36d2f9fc271f53b3d76ee584f3c7d8c6b5d3d
reports/screening/2026-08-31.md,113bad10fbad666f788fc42dadf267140ba59d790f565dd24ccc37fe92b12f78,25b36d2f9fc271f53b3d76ee584f3c7d8c6b5d3d
reports/screening/2026-09-28.md,905f4d3a8fcf485a671864aadbb4116166142c22ae9b8c4cf8da3d33dc62ca50,25b36d2f9fc271f53b3d76ee584f3c7d8c6b5d3d
reports/screening/2026-08-17.md,6b854e135ab59e45b198a2c0816fa16e929d29caf2966414d323b7ff0f1f420f,25b36d2f9fc271f53b3d76ee584f3c7d8c6b5d3d
reports/screening/2026-08-03.md,c517b066a832880ed474837a6329fe25c39c2be02e09e95ebd5a2ac49198b55b,25b36d2f9fc271f53b3d76ee584f3c7d8c6b5d3d
reports/screening/2026-07-21.md,783ba18c480fe913aca10a7ad2bb5e6f8fa49493fdf3637f78dbd2db7d5f6d55,25b36d2f9fc271f53b3d76ee584f3c7d8c6b5d3d
reports/screening/2026-09-07.md,09697aa14b051231e9d5daf7b0a75e2982d72ac3c6315ce3ce617854ac7c1d2a,25b36d2f9fc271f53b3d76ee584f3c7d8c6b5d3d
reports/reviews/2026-09-14.md,2a46ad62022736e01543d1e8b37d2a91dcebe913e4180da6e20d2f5122d4dd57,25b36d2f9fc271f53b3d76ee584f3c7d8c6b5d3d
reports/reviews/2026-10-05.md,005c14a28d30e94bb3f9752a59bc9e77f114670389329dea32cf9958ea0aa84c,25b36d2f9fc271f53b3d76ee584f3c7d8c6b5d3d
reports/reviews/2026-09-21.md,cba999f687edadc022d58a84b54acda58c0219cad94683f84e03ee7b25fbe979,25b36d2f9fc271f53b3d76ee584f3c7d8c6b5d3d
reports/reviews/2026-08-24.md,5b5c0464b6ca6a392dcb38bcf9117b4cb86a129585ee120d9f4c9c78eeb6cdb2,25b36d2f9fc271f53b3d76ee584f3c7d8c6b5d3d
reports/reviews/2026-08-10.md,d58c825752ec0673feee47423be1579b6353dc53f233fa482dd16ca79a51a784,25b36d2f9fc271f53b3d76ee584f3c7d8c6b5d3d
reports/reviews/2026-08-31.md,e11a598a8ce7e6368a3133794d18fb0e6b1da89c6ef6d0fbaf0556fb8fd69c1e,25b36d2f9fc271f53b3d76ee584f3c7d8c6b5d3d
reports/reviews/2026-09-28.md,823cd4cd913e00f3438deaacac1fd24d6c83f154288ef7faf6b16d7a7bbf6273,25b36d2f9fc271f53b3d76ee584f3c7d8c6b5d3d
reports/reviews/2026-09-07.md,e1f0dee9de1015f39f9c4318f87d2bfb99d5c37fd38e25e5ff5aa389887f4a52,25b36d2f9fc271f53b3d76ee584f3c7d8c6b5d3d
rules/improvement_history.md,c58f5f4181c9f9589b4704fd1966534c73a971b6c85a8ef20f77f5547a8edbe4,25b36d2f9fc271f53b3d76ee584f3c7d8c6b5d3d
rules/rejected_rules.md,81e2b573067c6cd352e25becc5b1b5c3d0027dda30e07c83d95648bc616f84dd,25b36d2f9fc271f53b3d76ee584f3c7d8c6b5d3d
rules/rule_candidates.md,2a0f4b21fbab51a9c26b1ec2e2e5de26bbb3675d871b0dd5c73f9ffab488a86e,25b36d2f9fc271f53b3d76ee584f3c7d8c6b5d3d
rules/current_rules.md,de87f70e6bd5a1a1c289fbed6ad3f2b0780fd7388dae638724b0fcb7634d2658,25b36d2f9fc271f53b3d76ee584f3c7d8c6b5d3d
